{"cameraMode":{"drawMode":0,"name":"Shaded","section":"Shading Mode"},"sceneLighting":true,"audioPlay":false,"sceneViewState":{"showFog":true,"showMaterialUpdate":false,"showSkybox":true,"showFlares":true,"showImageEffects":true,"showParticleSystems":true},"in2DMode":false,"pivot":{"x":-0.7895269393920898,"y":2.0309815406799318,"z":0.562206506729126},"rotation":{"x":-0.18122421205043794,"y":0.07073824852705002,"z":-0.013071442022919655,"w":-0.980807363986969},"size":25.742565155029298,"orthographic":false}