{"cameraMode":{"drawMode":0,"name":"Shaded","section":"Shading Mode"},"sceneLighting":false,"audioPlay":false,"sceneViewState":{"showFog":true,"showMaterialUpdate":false,"showSkybox":false,"showFlares":true,"showImageEffects":true,"showParticleSystems":true},"in2DMode":false,"pivot":{"x":-5.218508720397949,"y":22.880735397338868,"z":0.13670475780963899},"rotation":{"x":0.010542457923293114,"y":-0.3126485347747803,"z":0.0034702979028224947,"w":0.9498040676116943},"size":2.857883930206299,"orthographic":false}