{"cameraMode":{"drawMode":0,"name":"Shaded","section":"Shading Mode"},"sceneLighting":true,"audioPlay":false,"sceneViewState":{"showFog":false,"showMaterialUpdate":false,"showSkybox":false,"showFlares":false,"showImageEffects":false,"showParticleSystems":false},"in2DMode":false,"pivot":{"x":28.478729248046876,"y":326.15838623046877,"z":167.19195556640626},"rotation":{"x":0.09723077714443207,"y":-0.34394410252571108,"z":0.03583391010761261,"w":0.9332548975944519},"size":488.7124328613281,"orthographic":false}