{"cameraMode":{"drawMode":0,"name":"Shaded","section":"Shading Mode"},"sceneLighting":false,"audioPlay":false,"sceneViewState":{"showFog":true,"showMaterialUpdate":false,"showSkybox":false,"showFlares":true,"showImageEffects":true,"showParticleSystems":true},"in2DMode":false,"pivot":{"x":2.086162567138672e-7,"y":0.0,"z":8.940696716308594e-8},"rotation":{"x":-0.038808003067970279,"y":0.9564719796180725,"z":-0.24719469249248506,"w":-0.15016692876815797},"size":1.6294524669647217,"orthographic":false}