{"cameraMode":{"drawMode":0,"name":"Shaded","section":"Shading Mode"},"sceneLighting":false,"audioPlay":false,"sceneViewState":{"showFog":true,"showMaterialUpdate":false,"showSkybox":false,"showFlares":true,"showImageEffects":true,"showParticleSystems":true},"in2DMode":false,"pivot":{"x":0.0,"y":1.1920928955078126e-7,"z":1.4901161193847657e-8},"rotation":{"x":0.23847204446792603,"y":-0.4372048079967499,"z":0.12143100053071976,"w":0.8586254119873047},"size":2.0377767086029054,"orthographic":false}