{"cameraMode":{"drawMode":0,"name":"Shaded","section":"Shading Mode"},"sceneLighting":true,"audioPlay":false,"sceneViewState":{"showFog":true,"showMaterialUpdate":false,"showSkybox":true,"showFlares":true,"showImageEffects":true,"showParticleSystems":true},"in2DMode":false,"pivot":{"x":51.63374710083008,"y":0.7618016600608826,"z":-12.870940208435059},"rotation":{"x":-0.20960552990436555,"y":-0.46939322352409365,"z":0.11576422303915024,"w":-0.8499024510383606},"size":38.42338562011719,"orthographic":true}